SET NAMES utf8mb4;
USE edu;

-- ===== 新增审核中课程 (status='0') =====
INSERT INTO tb_course(id, course_name, description, teacher_id, credit, max_students, status, homework_ratio, exam_ratio, exam_time, start_time, end_time) VALUES
(10, 'Web前端开发',   'HTML5、CSS3、JavaScript、Vue.js、React前端框架实战',    7,  3, 80,  '0', NULL, NULL, NULL, NULL, NULL),
(11, '操作系统',      '进程管理、内存管理、文件系统、I/O管理、Linux内核分析',  2,  4, 60,  '0', NULL, NULL, NULL, NULL, NULL);

-- ===== 新增已结课课程 (status='3') =====
INSERT INTO tb_course(id, course_name, description, teacher_id, credit, max_students, status, homework_ratio, exam_ratio, exam_time, start_time, end_time) VALUES
(12, '数据结构与算法', '线性表、树、图、排序算法、查找算法、算法分析与设计',    14, 5, 120, '3', 40, 60, '2026-01-15 14:00:00', '2025-09-01', '2026-01-31'),
(13, 'C语言程序设计',  'C语言语法、指针、内存管理、文件操作、综合项目实践',      7,  4, 100, '3', 50, 50, '2026-01-10 10:00:00', '2025-09-01', '2026-01-15');

-- ===== 新增章节 =====
INSERT INTO tb_chapter(id, course_id, title, summary, sort_order) VALUES
(34, 10, 'HTML基础',         'HTML文档结构、常用标签、表单与布局', 1),
(35, 10, 'CSS样式',          '选择器、盒模型、Flex布局、响应式设计', 2),
(36, 10, 'JavaScript入门',   '变量、函数、DOM操作、事件处理', 3),
(37, 11, '进程管理',         '进程概念、调度算法、同步与互斥', 1),
(38, 11, '内存管理',         '分页、分段、虚拟内存、页面置换算法', 2),
(39, 11, '文件系统',         '文件结构、目录管理、磁盘调度', 3),
(40, 12, '线性表',           '顺序表、链表、栈、队列', 1),
(41, 12, '树与二叉树',       '二叉树遍历、BST、AVL树、堆', 2),
(42, 12, '图',               '图的存储、遍历、最短路径、最小生成树', 3),
(43, 12, '排序算法',         '冒泡、快排、归并、堆排序、复杂度分析', 4),
(44, 13, 'C语言基础',        '数据类型、运算符、流程控制', 1),
(45, 13, '函数与数组',       '函数定义、参数传递、数组应用', 2),
(46, 13, '指针与内存',       '指针运算、动态内存分配、字符串处理', 3);

-- ===== 新增知识点 =====
INSERT INTO tb_knowledge_point(id, chapter_id, content, importance, sort_order) VALUES
(89,  34, 'HTML文档结构与DOCTYPE声明', 'high', 1),
(90,  34, '常用标签：div、p、a、img、table', 'medium', 2),
(91,  35, 'CSS选择器优先级与继承', 'high', 1),
(92,  35, 'Flex弹性盒布局模型', 'high', 2),
(93,  36, 'DOM操作：获取元素、修改属性、事件绑定', 'high', 1),
(94,  36, 'ES6新特性：箭头函数、Promise、解构赋值', 'medium', 2),
(95,  37, '进程与线程的区别', 'high', 1),
(96,  37, '调度算法：FCFS、SJF、RR、优先级调度', 'high', 2),
(97,  38, '分页存储管理与页表', 'high', 1),
(98,  38, 'LRU、FIFO、Clock页面置换算法', 'high', 2),
(99,  39, '文件分配方式：连续、链接、索引', 'medium', 1),
(100, 39, '磁盘调度算法：先来先服务、最短寻道', 'medium', 2),
(101, 40, '顺序表与链表的区别及适用场景', 'high', 1),
(102, 40, '栈的应用：表达式求值、括号匹配', 'high', 2),
(103, 41, '二叉树前序、中序、后序遍历', 'high', 1),
(104, 41, '二叉搜索树BST的插入与删除', 'high', 2),
(105, 42, '图的DFS与BFS遍历', 'high', 1),
(106, 42, 'Dijkstra最短路径算法', 'high', 2),
(107, 42, 'Prim与Kruskal最小生成树算法', 'medium', 3),
(108, 43, '快速排序与归并排序的原理与实现', 'high', 1),
(109, 43, '时间复杂度与空间复杂度分析', 'high', 2),
(110, 44, 'C语言基本数据类型与变量', 'medium', 1),
(111, 44, 'if-else、switch、for、while流程控制', 'medium', 2),
(112, 45, '函数定义与递归调用', 'high', 1),
(113, 45, '一维数组与二维数组的使用', 'medium', 2),
(114, 46, '指针的定义与运算', 'high', 1),
(115, 46, 'malloc/free动态内存管理', 'high', 2);

-- ===== 选课记录（审核中课程 - 学生提交待审核申请） =====
INSERT INTO tb_course_selection(id, student_id, course_id, status, select_time) VALUES
(30, 4,  10, '0', '2026-07-08 09:00:00'),
(31, 5,  10, '0', '2026-07-08 10:30:00'),
(32, 8,  10, '0', '2026-07-09 08:00:00'),
(33, 9,  11, '0', '2026-07-09 09:00:00'),
(34, 10, 11, '0', '2026-07-10 10:00:00'),
(35, 12, 11, '0', '2026-07-10 11:00:00');

-- ===== 选课记录（已结课课程 - 学生已通过选课） =====
INSERT INTO tb_course_selection(id, student_id, course_id, status, select_time) VALUES
(36, 1,  12, '1', '2025-09-02 08:00:00'),
(37, 4,  12, '1', '2025-09-02 09:00:00'),
(38, 5,  12, '1', '2025-09-03 10:00:00'),
(39, 6,  12, '1', '2025-09-05 08:30:00'),
(40, 8,  12, '1', '2025-09-06 09:00:00'),
(41, 9,  12, '1', '2025-09-08 10:00:00'),
(42, 10, 12, '1', '2025-09-10 08:00:00'),
(43, 1,  13, '1', '2025-09-03 10:00:00'),
(44, 5,  13, '1', '2025-09-04 11:00:00'),
(45, 8,  13, '1', '2025-09-06 14:00:00'),
(46, 11, 13, '1', '2025-09-08 15:00:00'),
(47, 12, 13, '1', '2025-09-10 16:00:00');

-- ===== 同步已选人数 =====
UPDATE tb_course SET enrolled_count = (SELECT COUNT(*) FROM tb_course_selection WHERE course_id = tb_course.id AND status = '1');
